Store Name,Store Link,Name,Phone,Email,Link
comput_24,https://www.ebay.com/usr/comput_24?_trksid=p4429486.m3561.l2559,Computer Bitz,, computer-bitz@outlook.com,https://www.ebay.com/itm/364230250863?hash=item54cdd0916f:g:iDIAAOSwlHRjmIu4&amdata=enc%3AAQAIAAAA4Fg%2BZ6eGQE3kCW94nvABbzHZg69YIj9btlTTbuysxCG%2Fofm7rg2aTVkr7feQ4A5FhKemEV0jyzGmqb80HU5Z1XkKpYAfXuVuyOQ3WESWxzDBcEyaefZUVVwwl8tG5GqepdWknhhEtmJRmcr%2BeiAeBES4BTl60zjNa5nLuOS%2BQwNH1H9mnTq6jouiydXc7pdwYa1A2nwrPjSLtQu%2Fif7JW59ul0OZjX8M%2FGjTlvRZIYfQz5x23gPoPmf2KZO%2BCcx9UAVKu6dcY92dKxa%2Bt1H2ean4qeVDbdiggI1RBiFoH1dc%7Ctkp%3ABk9SR5SboNzjYg
birmingham-av,https://www.ebay.com/usr/birmingham-av?_trksid=p4429486.m3561.l2559,BIRMINGHAM AV LTD,, birminghamav@gmail.com,https://www.ebay.com/itm/115890323278?hash=item1afb99ff4e:g:5IsAAOSwaVJk3WIk&amdata=enc%3AAQAIAAAA4BWct1GKdTP0p5f577bFx2MzFaKS%2B9nAkZB2KFRHGvN3pZlVo1ub089QcEiHOnYPNoi1%2Bw5c6YrjRwHMEF7nWjvzKdChzfGIXAapH0AKkBV64L9%2FgntE0tcfddIav6ZTIlaQA196TGK90N7Fydhm6jBhxSjNbLKp0mVuDXlrmRQOLjjHx8BtC4Yzrl98dPdTMawoUk7b2l%2BqGplDoAYegeRqL63xAQn8S5odxaUOe3jaGTF5d1tO8wMr8O8IrL7w5ViRYdJUPMZkGpz2efn%2B47lwV%2BOe%2BX0s%2Ft030ego05h4%7Ctkp%3ABFBMkpug3ONi
recycly.tech,https://www.ebay.com/usr/recycly.tech?_trksid=p4429486.m3561.l2559,Recycly Tech Ltd, 7442220999, recyclytech@outlook.com,https://www.ebay.com/itm/175799205481?hash=item28ee72fe69:g:cMYAAOSwwFFkKC31&amdata=enc%3AAQAIAAAA4MKLFv0pOyXRa2QweCddduF7SiLtWYO518X6OHUXU7cYJQQeNBm5Ln6D8Xp9QGs1ixtpGD%2B%2BoYEplr5rN8VNfjNvOxVfe8YYBedUz7a%2FBTqNnW%2Bgr1bhvx9m2x5gC2aPrnSYUe32Qtp5BDdVSCFII%2BgOZE1lunK4dtPnAW4P5oZMLXwYEZvMlEeRnNfXL8aRT7%2BLiQwuPb3gQRnzJmkN54D5VY%2Bj4MWeYDHwjToTGoSQXTzhJk6GUbFlPiNsAwOVhKOz2hNdP6GoHfOdnchMZcKgBwsv2DA94jnCD1z5LOz2%7Ctkp%3ABFBMkpug3ONi
ri-services,https://www.ebay.com/usr/ri-services?_trksid=p4429486.m3561.l2559,Resolve IT Services LTD, 01278588410, sales@riservices.co.uk,https://www.ebay.com/itm/186021136907?hash=item2b4fb94a0b:g:yGIAAOSwTkpkkZ9R&amdata=enc%3AAQAIAAAA4GDD34xXKGnAda2tRg6OPXTlIAnGNhcK71ucfDqbOp81BD04gl%2B8WpIvtAfKMszR1wvwmsb2VXVcBJVlNx3jl4XL8sRLTzLfTAr%2BsbkenMtODPa2q1ai92EXEDsvZ5SqHlasoTCp%2FJVWVMCTkydPZTMPYLm9Qrjgy%2BPP%2FP1jl%2FEqOSg5M2fxlQ9qEwjudHnVN9bMMZCihYgy1vKYcVaVpR%2B6uExhXQv1azVHDgn9y%2Blos%2FjjfVQkwG2M54ORjAow6HkGCqdaEzuzAgQ54WA8FvG9IuyAh3QVHLy2z%2BYXRrVU%7Ctkp%3ABFBMkpug3ONi
kel-tel,https://www.ebay.com/usr/kel-tel?_trksid=p4429486.m3561.l2559,To Recycle LTD, 07500470000, kelly_705@hotmail.com,https://www.ebay.com/itm/276010391424?hash=item4043805780:g:lbMAAOSwf3xk5NYW&amdata=enc%3AAQAIAAAA4HlG8ipDj1PswTD17nmgirXNEtXI7rTdu8DQKcBisVtDkT88KXfvK%2FKqL%2B%2FAFQ%2FNG0OvASZY5Cf41WNIltyBaZZbSFpQgpkU%2B6GUG5c7ui8iqdHJiS7YDLS6JCFh5ChxF%2F8ViFFaYu6wQxH9N5chRR8UHdildUQozALlrcaGm7xGyAL%2BuJCI64Ue%2FS3LIcQ1v8KGYnuXS6UEa2%2FNxsTvxYosq%2BchiqhHqLR9GfpnyksX633e8Pwn9DpVnDWB%2BBOy%2FP6XBf2v2em2MLwcd35gBNETCtmrTdWZc7t4jc4%2Bh%2FsE%7Ctkp%3ABk9SR5aboNzjYg
mobstars,https://www.ebay.com/usr/mobstars?_trksid=p4429486.m3561.l2559,Mobstars Limited, 07754758393, sales@mobstars.co.uk,https://www.ebay.com/itm/175828116101?hash=item28f02c2285:g:PZwAAOSwcrdkujJE&amdata=enc%3AAQAIAAAA4EdEdvGAzsBuYnmh3G9d6ZXYLkZVsxdqt96Oj9KjXjL4VWBGT9J1hP%2Bv%2BBXIH6Q4cgUJ1yMHnZemao3qZOKRaalnKDx9UV6lU1w3xxnm1GCxD2DTcl9n7H6oTL7ZyPSb8TzhX5KR3WBlqE2yMw7rGX5RrDZtVYkvZ90fQEfv4ndxApuGy5E0ZNfunXMshpTBo93SYnqr6IJu7IAirWPrLBWoiBVNBzbdz7fSrbYJiQFckY%2BIv1VE8Nxk9Or9wwBX44pB6lTO0cTwbYh3JIqi5gg%2FI%2BRHIiDqLcKEje%2BRiOiM%7Ctkp%3ABFBMlJug3ONi
timeandtrend2013,https://www.ebay.com/usr/timeandtrend2013?_trksid=p4429486.m3561.l2559,Juwelier Bucher GbR, 0376512802, info@juwelier-bucher.de,https://www.ebay.com/itm/255410438677?hash=item3b77a60215:g:PlwAAOSwrmNkzfE-
jshoplondon,https://www.ebay.com/usr/jshoplondon?_trksid=p4429486.m3561.l2559,jshoplondon, 07946343498, lailajp@hotmail.com,https://www.ebay.com/itm/265685008093?hash=item3ddc0f7edd:g:4V8AAOSwnTpieaeh&amdata=enc%3AAQAIAAAAwJkTeTefI%2B%2B8%2BZmQkjKUvlZHt%2BEaKRtF9YCQKkZVx4HF9mmo7z%2BUs9ajqkp3C5OZvm8g1uj2CF2CS%2F4od4MXX%2FodAWVidvOrDzpFi5Eibf7vzlibMWHaOLgRVQldbsw6su81httwJJTCG2Hn5NrZVyd0P1q4aj%2BV2jHbjsN2jrSnEHqgBHP9BqOM4icYSCGnW6ohXSNc3EZ0LeREveibZO1wo6u%2Fg1rZYBMRorgY6Rg9eTFQyOUleU3zlt34wsWVJw%3D%3D%7Ctkp%3ABk9SR96FudzjYg
ashmo2000,https://www.ebay.com/usr/ashmo2000?_trksid=p4429486.m3561.l2559,Ashmoo LTD, 07515969241, shifaat.rasool@gmail.com,https://www.ebay.com/itm/284607021590?hash=item4243e68216:g:RrIAAOSwNstjf29F&amdata=enc%3AAQAIAAAA4HUzb9SCvGEYM2EB8dXAHx%2BHuMA6EeJI8A2yKmSrtV7GeVN4LebOXRoJfzP3cuSgZGSlRM8q9xYsK7sDEbopGHoOlYCAemZXkaOVY0WrPIshXc54MuYeGYODTGnRh%2B2EO4FTQ9ABa6%2FfnrEZxIhEKuAEi8ZHrxPpRSaQYwXvUjZpdHKe%2Fm7Sldej6PkpcNWC8MmPuIHNjCBWcpcdb1526gQg3qhWTsh7K2i0ikCJpPZ%2F9OmtvOkUMGN07FH2pZGsAj1W%2Fc7iJ4OWnOfhNBr40aobU0m8xHaggY0CL1mtS6F5%7Ctkp%3ABk9SR96FudzjYg
tme404,https://www.ebay.com/usr/tme404?_trksid=p4429486.m3561.l2559,SHICHAO HONGKONG TRADING LIMITED, 16513682327, tmei98@hotmail.com,https://www.ebay.com/itm/314560122070?hash=item493d3e8cd6:g:P-0AAOSwXBdkTM2a&amdata=enc%3AAQAIAAAAwJr4CFPV3rRFgUx%2FJlQWdlUhgu3N9%2BFqBVJb%2FCwdDt6lpCf6qKfq8trpL5ew27rkrjCVznnlJZ01ct8hC7%2BG1G0Jolm6ZQ4MmBldhgwB2YDcQ5vPjG0qduytnAZscSExFKOl3%2BJCdEExj%2FtL0tVCb8qmvt9AfJ4f58Nm%2B%2BSRPgg03lUCtiG432K5mxroCznSczgFQM71SvcojlntQEpUx%2FASi%2BXc5lgdJsZ2GsaEnt8ipCDbFCARPtbMXBcBQdqMCQ%3D%3D%7Ctkp%3ABk9SR5iAxtzjYg
standsout,https://www.ebay.com/usr/standsout?_trksid=p4429486.m3561.l2559,Stands Out Ltd, 01492330203, ebay@stands-out.co.uk,https://www.ebay.com/itm/131767731943?hash=item1eadf806e7:g:k04AAOSwVhdhxE7F&amdata=enc%3AAQAIAAAAwLfu1GrYjLcrE9kQW4CsK7Bv50guyAN8HEbBB4DUv3wcSwmBYxADeeiwohBmnLKrDnAehAAR6RD%2By%2B9bqg1T6z%2F4jcUiYC1ogWq%2Fyef1IfF4F9I9YX%2FbGYtU1GAauXRET5oRQf6VJNSbaVp1cWxym55Aq%2BiaPrjR22AAetQmXbpX119lsEJ%2FhDbA7u%2Fe9WlcUv9gUasHGPAh3pD18yv2l5BzEewl48WhlKBl3MHyT9%2F1ynLY7kf5haAMw7wS4mbdtg%3D%3D%7Ctkp%3ABk9SR4Ki0tzjYg
wubusinessuk,https://www.ebay.com/usr/wubusinessuk?_trksid=p4429486.m3561.l2559,EVDIAN LTD, 07555687318, wubusiness@outlook.com,https://www.ebay.com/itm/114140674982?hash=item1a93507ba6:g:i4QAAOSwk9FeYXYs&amdata=enc%3AAQAIAAAA4Np%2FR5q6Z%2FMvQN2oICyvF7IFcFkHCLIAEHIvde%2Fa4MaNUNSxqpEPtYSeSoOLRiDQlNU3QecaoI2m7uuDpJhcgqhEKAgxQjVWTnVLjQs4GEwT4AHAiDIgteSep5f4MLf53gToVkE6AYwMYQUBOWxgvjmQQ8vN%2BPmC37F09xHs4SKUw6x6DXpC0thXMOKsxwiFuPWVEAQKTdw7WbGhEhZhq%2FHcUXBwJQb7VeYVG%2FcEnqqr24ZKqdrE%2BTv9jXI4Es%2B3OHq8jp2bxPCfIMAOw%2Bo0A2yniZr7b0Fq8%2BHamwZu2wd4%7Ctkp%3ABk9SR4Ki0tzjYg
alpha-watch-eu,https://www.ebay.com/usr/alpha-watch-eu?_trksid=p4429486.m3561.l2559,TG trade,, tgtrade999@gmail.com,https://www.ebay.com/itm/124145101763?hash=item1ce79febc3:g:6L8AAOSw6FthaA-K&amdata=enc%3AAQAIAAAA4PL2BMqqi5ZZqvqOBMKbRM2Zdo7Ie3SrIC1b4qOYLe9oxrXLrk00P9iAjarLQe5IEQvinUQ%2Bcr%2FAg6Tz%2FxcjYERzv%2FCrfCJYCh6myBZAzUJo3kpHrb7MUguaFIWtcsXjGTzAjurBNPqR3jSOQiNixqO%2FxqxII5Erq6tFndEIIdpj%2FPRCTS0Wus75eSaeh4%2FsvbvtSEoYJynond5rgT6%2BnDsoO38WOl2vZ%2FK9Oj%2Fn9UJYH1WzMHXJft%2F7qfWbJJazDZhk42ebWhhPp9qaqw3DVApsI3W372HnBVllq1YnQqCg%7Ctkp%3ABk9SR-zc3tzjYg
ashmo2000,https://www.ebay.com/usr/ashmo2000?_trksid=p4429486.m3561.l2559,Ashmoo LTD, 07515969241, shifaat.rasool@gmail.com,https://www.ebay.com/itm/284276175736?hash=item42302e3378:g:QR0AAOSw4PBj4lK0&amdata=enc%3AAQAIAAAAwBX55kPYoIl9fIwYeflNJbnXCM8m9QLLLI3xxZT56GvkPMLlJrzAsCbnLeOxYw2PmFQSXylrP9cy1KEAhhS1YMEgb5ui27vnkUzV1uYQzHFhe3nJPg2Jovv%2FtOwq5%2B0hHgYbOUEj8R8Td8SFCvCBYnI4oTGrOn7ANrVNofd1iQNaIM9Xu4Ya9buOJBG6DyKbGlE%2BGuMDd7W6rXm0IVCK1KAXVnaZDx%2Fb8DTBCum81oodsKpHoRoSsF1cg5cWZD79kQ%3D%3D%7Ctkp%3ABk9SR8S269zjYg
ashmo2000,https://www.ebay.com/usr/ashmo2000?_trksid=p4429486.m3561.l2559,Ashmoo LTD, 07515969241, shifaat.rasool@gmail.com,https://www.ebay.com/itm/284187536198?hash=item422ae5ab46:g:K6wAAOSwsvxjE1GQ&amdata=enc%3AAQAIAAAA4Isr98ufk6FbKxlr8lPpVFPE2bxV%2BvmiSxS4%2FJ78EgZQ%2Fj%2FSgZjYKhxlI2cXzmpIS8t4SplpPtbuDXxMAZXeCe6flN8tBk9rf2b%2FqYMBn%2Fd7tsOuy%2BsJq%2Bt7Uur%2F0ZB6ILAr027pjGpQT5BMevxJpd%2F9b5Us9ealN3Rr54TeypEpZUosN9VwWh6miMAnXj%2FWpglGS9f%2BP3ImTbBKltZfZTEdkXMsaCO9OJ0CE4l1HBRyxGM2UErYEcqtIztsPsMrHpF8s5iK8dBaFftBkm7MlqlsVZppi1%2FoYODd1ychEJI4%7Ctkp%3ABk9SR8S269zjYg
mini-it,https://www.ebay.com/usr/mini-it?_trksid=p4429486.m3561.l2559,Fazi Ltd, 07957132913, awais4me@hotmail.com,https://www.ebay.com/itm/264499335184?hash=item3d95639010:g:xJIAAOSw-WtjWNr2&amdata=enc%3AAQAIAAAA4OYKnMttmjcoKl1w8BB%2FBfgdAkLU9zrE5Copuv7mb4hJQeVRuC0eVRLYB%2Fi28DkxxDYa%2Bi96SRK78Ntnze9bMQROR%2F8EKP7WsGb%2BCxQY1YG4nZDCXSmAD0kQIOj9gLvKAyjetaVg9YZJH%2F%2BaFAduY%2BRIXXwQd%2BdDM5zancbVl%2FFYN8W2nsK0yfxuLJMKuriFCcm7WoEi97Cj10EJMd3A0ZsPeLNWKkar9et5Z%2B3v7iPlsrhCoZy2sihhu1zqGOjKzyiY%2BhIm6ye5aKePdsA8KZAYSedtjZM8dCtnN8D1LTtv%7Ctkp%3ABk9SR8S269zjYg
pat-tutorialtown,https://www.ebay.com/usr/pat-tutorialtown?_trksid=p4429486.m3561.l2559,Pat Kingwood, 07783273249, tutorialtown@hotmail.co.uk,https://www.ebay.com/itm/352188522708?hash=item52001260d4:g:J8kAAOSwDQdhcpGG&amdata=enc%3AAQAIAAAA4PFVT6K0VHAF87hpaafzLQgoBwgdVwmhXoc4oo0i0sm6WrG%2FDIj3VlM6wf6pefwESx4I%2FuIFcK%2F%2BSUe63dVF7d4ClY16scQU99tuutjR7egHonM8wM8diEfl3LCEniI7vP%2FLiIpTGQyCtgei7Ok72IcmL8%2FAp07atOPy2osdK06XNqgJX4PhZuCM6MQF%2FE42oapxoJF0migZYMAIqHhmOgE6B3DaWROMHQXlM%2BThBxmgZpz%2BzPgVVBJXUirXnt%2BPzKypOI5k8ZwDoUBrde39re9%2FpijD9QwAiVjepESvL7Fl%7Ctkp%3ABk9SR574-NzjYg
agwatchshop,https://www.ebay.com/usr/agwatchshop?_trksid=p4429486.m3561.l2559,AotoVision, 0858041731, theministergillo@gmail.com,https://www.ebay.com/itm/404475826431?hash=item5e2ca350ff:g:oLkAAOSwfcNk9yfF&amdata=enc%3AAQAIAAAA4P8cUZuc8TJM1%2FaQOnjHWpuDKxvuw%2BpBWf3OXEOeodtpYwFa5c%2FoOUEMl0UIf%2FwiWZLLsXY6OZUataO5hIcInu29s9SKz6g8hBpQVML5%2Fc79cE56kgDeXFOF2s5hCkmlOWB4BRgqe4%2BAI0okwopAx6ZVN5e8XwkFwyLmVRq%2BIshgYOJLnOPEAf8MY0bw82ugSztJuTi%2FAk9DvrkWcDpPEtI%2BEVASuxN3QrnPyDi8Ma89ysHQgxdpLZpzbt5N93ZHqKqoIvk2Dw4Y%2Fca1WoEHnV%2Btaqsh%2BQbY%2FixqRX%2BdAnPQ%7Ctkp%3ABk9SR574-NzjYg
gbwatchshop,https://www.ebay.com/usr/gbwatchshop?_trksid=p4429486.m3561.l2559,Goldbar Watches Ltd, 01415526266, ebay@goldbarjewellers.com,https://www.ebay.com/itm/256123951906?epid=21061109996&hash=item3ba22d5b22:g:644AAOSwO91knBA8&amdata=enc%3AAQAIAAAAwLdacn9jhRD6awqFL8ZD1xFK61kGOjXWyfApS8cxe9uHp7%2BN4LIufSe0ImSij0pq5RqKon0pl3TZYJA5NBnmmcJtShwEuY9s3fNz6yvZ3XsUg1HKKPXYsq2ETQBdhQlAu4zH%2BTZzdcxZw4KGcRR81e9VR0p8Qvu7EV7xGxASmL2gfcz5ExzX19O%2FkfRLwrR8hgU%2B2b0jqte0n2U4R9ySfSZBMZG0iDBqcPJyNYI8gJcjNN1eTDM68JpICzsMzTebXw%3D%3D%7Ctkp%3ABk9SR574-NzjYg
authenticwatches007,https://www.ebay.com/usr/authenticwatches007?_trksid=p4429486.m3561.l2559,secure times,, asgharwatch@gmail.com,https://www.ebay.com/itm/404305272959?hash=item5e2278e07f:g:QAIAAOSwgrtkb0Ni&amdata=enc%3AAQAIAAAA4PL8u%2B1DTgiphNzuMrEdM%2Fzdu8uRc6sSAE%2BtY%2BNZV0mbb8mODZNfanjDIDg6n%2BkWObvTOvH9rMPIUF%2Fn%2Bfe9iLN6NkUDnQu%2BWTUVM5aVx%2FMD9cBfeZQLK9rx1Kj3%2B4WnuKR%2FqqvBq6nITtKCZhe%2FlJWixNLHqqG56myPJLaJRaBvGgiUV8l7FqpkpLcNq%2FDEaD4Gfffu52S9b2U7qbjqb6%2BpgBC69IuNPYVbWfzZXch5CvjOYM8oDCQu4lIvs36csEJgYxLPjB%2BzXYKguves1C3n11GYJAXIMFEa%2By8wZw5d%7Ctkp%3ABFBM2N-E3eNi
monkey_swag,https://www.ebay.com/usr/monkey_swag?_trksid=p4429486.m3561.l2559,MONKEY SWAG LTD, 01612238333, sales@monkeyswag.com,https://www.ebay.com/itm/295698192054?hash=item44d8fc56b6:g:0j4AAOSw-~NkYPVA&amdata=enc%3AAQAIAAAA4MIvy37JEnvfvwGshHe2n%2BvNTi8Zd2se36fFZnrRJW58H1ENsf5s87B1lOCkVN7R3dDROgFNIJ3RPYKwDniDsAzh8nrJAoi8%2Fjo633dkaKDHWTxXCYn%2Bc%2FebTH2UBETnAzRUzd9zlXtCIoB%2BGQ9wJMZxsPq%2Bazz0AlAouvDlpqQiMXC6WZAy3ZlO8EJpD%2BusnZqe2RS695CvgHxsTEDV%2BhDfo42gCjcjf5DXF9jRMGlWIMWv9mAtXN27aGcfbuC55md46V47BrQ5VvG6vEoQJQ%2BJKVnQFPxgAsmSoLSfMgNh%7Ctkp%3ABk9SR9jfhN3jYg
agwatchshop,https://www.ebay.com/usr/agwatchshop?_trksid=p4429486.m3561.l2559,AotoVision, 0858041731, theministergillo@gmail.com,https://www.ebay.com/itm/404479321000?hash=item5e2cd8a3a8:g:VIcAAOSwxqRk-dFA&amdata=enc%3AAQAIAAAAwC7Ufp8SBBTrroBbtLDykMa8hxyRwlQkusq4DgJsZC7hpdFxXeTr%2FUs5COFb6uRvauqOJQm5OYQRxx%2BSft%2BVNsxRGcpIyhf4U8tHHbK6gS%2BAMnIBklWqShpxJh9OvFKOXV4CH4AYPIOc4Pktg1FUKaARTt51OUElbGPUghl3fLnV2KHKGZt%2BmLXQzQSQ%2FOSscZTCLZN%2BQ4PwcqSdUTC%2F1SPaB1zljYwbT6H7RQBkqSCSVZxA9bHWMMmj4lHLo4FPwg%3D%3D%7Ctkp%3ABk9SR9rmkd3jYg
buy_clothing,https://www.ebay.com/usr/buy_clothing?_trksid=p4429486.m3561.l2559,shanghaiyouranshiyeyouxiangongsi,, chinacollection8899@hotmail.com,https://www.ebay.com/itm/394032254986?hash=item5bbe27100a:g:ETQAAOSwwz5iWTRT&amdata=enc%3AAQAIAAAAwIaw6qnyhJtv54K60Tc%2BAIhpGqfkljBf0OB833JsT8mVLd9w6i7508VYMJw%2BQiPGMfo3kv8LO51EtqUAev1b7%2FCyEx7pHMnh8gpvA%2F92xy9NwLT0BhMoOQWTMPkuO2sYsH8TJuki91nI%2Fxv7%2FNVAU%2F8QBgZMsU9TCEfZsx9sn10NDLz%2FudodSdUOINSUxr42BvujAWyKJ65kLQPWzSJpAL8mnTcbr7vmersnVRBAfVEm6AA%2FxT6sJGvKMrhb0LYG%2Bg%3D%3D%7Ctkp%3ABk9SR9rmkd3jYg
gbwatchshop,https://www.ebay.com/usr/gbwatchshop?_trksid=p4429486.m3561.l2559,Goldbar Watches Ltd, 01415526266, ebay@goldbarjewellers.com,https://www.ebay.com/itm/325368462642?epid=851498125&hash=item4bc178bd32:g:uJUAAOSw4qFjPBrw&amdata=enc%3AAQAIAAAAwOYvS9zlQcg3Dj7Ip%2B1nlyZIS0ocGvD9h%2B6UwRD%2FHrsmCWdigmYmLwv5gBaYB9v%2FfxVacRNtqNGVUdnoj7DJFa9zDjImElI7b91L%2F7ndYRM8qLtkwClIZ%2FsOB61S%2Fe3DxIiuAeskQh3n%2FuFSA53IAJD3g0q88sUzAqjQQKfHCSry4cIAJh9GYgP5509yPhQU4F5TQ7tWn3l0rYZ3YvS0OGQZ8Fasfl5YMRrbbV9BSReuM7%2BvQJGjN3ZnnZNJgymF%2BQ%3D%3D%7Ctkp%3ABk9SR5Tknt3jYg
cannonexpress,https://www.ebay.com/usr/cannonexpress?_trksid=p4429486.m3561.l2559,CANNON EXPRESS LTD,, hnjtrader@hotmail.com,https://www.ebay.com/itm/224241094420?hash=item3435cf8f14:g:GZ8AAOSwWBJfttfT&amdata=enc%3AAQAIAAAAwA%2BoHflMv6m5YJNEAD2gKaEmiHpuaNZCpnEKyy22x0O5I1fYdPjOs08mmxQDd56r24Ugk157w8hq4KmwwgAfqydzjcdGXmfV2OsG66rhO4Vy7Fca6Kq8LGwFdZywWOPjkphIzQn4DpupdePYBOd%2Fm%2FjFIztdVOICz6Wevg5Ps2iFgCQ3280soUp4RUbOREs4hMPXMB81%2BX3WjwAVMrIkIryRVdlm116iZEZr2xhjnKnTc6sKS%2BCN1xtFYAMr9yZMfw%3D%3D%7Ctkp%3ABk9SR5Lknt3jYg
superwatches1911,https://www.ebay.com/usr/superwatches1911?_trksid=p4429486.m3561.l2559,secure times,, kumail_haider19@yahoo.com,https://www.ebay.com/itm/255323792238?hash=item3b727be36e:g:~5AAAOSwGQJh3B1x&amdata=enc%3AAQAIAAAA4E6F2odCXEBUhkN8C5GvtsykBr36HDEbORJlBrOP34V8bX08q3VGdsYNRyjmsL%2BM9ci%2FL0%2FTRM5jCfuuViGnD6wYLUpcbIwM96RaqJCPiaAxL76hdBWrOQ62Q%2B3LtahR5DaSks21FfbXXGJcg1JGvW2FI19j8lGYVCDOPUPRkl8GFLShCqwqYkMGYBtbgxMqVozi%2BWoIIfRSB14B4jaTIIOhSz%2FiFWQGsBBXTnioGhMnCZMrAg876N8plkE4%2F8Ao5b%2BdS6RA7fsPuz2ryx4691tLro4nPKqcSZS%2FRME%2FOo6F%7Ctkp%3ABFBM5M-r3eNi
newgood2020,https://www.ebay.com/usr/newgood2020?_trksid=p4429486.m3561.l2559,Yiwu Chuangyijia Electronic Commerce Co   Ltd,, xujianeva@163.com,https://www.ebay.com/itm/294278189905?hash=item448458d351:g:ARIAAOSwk45g8XA3&amdata=enc%3AAQAIAAAA4Pu7lP91n1LGhmazS2a4tu8ahdHpSB9jqxlXasd5QueMCeimSFahQ%2F%2Brwgmx6yMGgCAblho288Ct5HCo3tucIJWK6opjbWGgij48uVlxwYAOZRGB6mAM8Jz9n7j8P%2BaJRLW9kjGPFRuvSw%2BRUDXVMl17fHmjcJEWXuNZKdaJqUmxpE24UNwQs6JYg1XPYPRnaw4e52BxsckGqpJGmpNDPCp4bwy7iaAWtGxrzxvXuIF93QtAC%2BjZEH7tyPukEk4Lf4RifLxc7V%2Frk0JbT6xRjHwT%2Blmq8aU9A0gusoA5F7oU%7Ctkp%3ABFBMsNa43eNi
andyandjanny,https://www.ebay.com/usr/andyandjanny?_trksid=p4429486.m3561.l2559,andyandjanny, 447786658455, andrewbprice@hotmail.co.uk,https://www.ebay.com/itm/334692911036?hash=item4ded4087bc:g:lLgAAOSwfNRjuCwu&amdata=enc%3AAQAIAAAA4J%2BiG9Mv6Y0pbcVu0KIHahH3pALd5SLddf8V0aXsaxWv27uP95NEpevFgiJu2HhpeNVXbtHj34KlLGpK4DgsOm3jmd0OEsUJ0jgvB5nzYe7qyaD6dTEraqhWtFQkOsxraApLWsEJYv3MQObg8cwZLz0xI5UojU5dLLc7ZffibnQrbvpawLJQ22%2FboZJUVOE13c53ZiBVaEueh8mK4kPz90zy3J0so2uk4sn5HBjDmBuH8I56hT4ahxtEnqjgyqdtqyPT8ghqEUGApsnfDP%2BOdd%2FLir0AtxkYnqYEK1w6T1sI%7Ctkp%3ABFBMsNa43eNi
taport,https://www.ebay.com/usr/taport?_trksid=p4429486.m3561.l2559,TAPORT,, sales@taport.co.uk,https://www.ebay.com/itm/374899326285?epid=2219193640&hash=item5749bdbd4d:g:H-sAAOSwFYRk57eQ&amdata=enc%3AAQAIAAAA4Jj4IeIaZ%2Byd1z3QUnLmYVBc8LL40l0p5R42IbTIVA0%2BgmeEIN0tLwnPdv8R7KsLDds89Qb1sUfQDHtA4054WOkN9pcsEexXMFKgVss00gmxv7eT0I6X45%2BN%2FhdHn9rpFuDVgctsTSIH7JM1TTOGX49Q%2B58Z1SuGvdU6R7GUn7NKshV82Fluh6XeyXlwvH%2FAYzKgXXftKaOeVldkqZpO83P3SJ3LZM2nfLz1VaO0nmCBW74hNS4kV00agbcolU%2FMHNLB5eDKsBW25Q8B3%2BiNIfdwHwsKG%2FpE%2BjN5Yq%2BD%2BDH4%7Ctkp%3ABk9SR7DWuN3jYg
ashmo2000,https://www.ebay.com/usr/ashmo2000?_trksid=p4429486.m3561.l2559,Ashmoo LTD, 07515969241, shifaat.rasool@gmail.com,https://www.ebay.com/itm/284605601047?hash=item4243d0d517:g:1i4AAOSwBIBj4lIE&amdata=enc%3AAQAIAAAA4GOyfYlyDj8XYybMo7eqvWg%2F1ghMtGzHFlQLkVcsEVJNGeD2OuEIp7p0pV%2B%2FVzmWm5I7EueIObIP4XBgUm1itJv5IQ2%2F2opjJS6t00ty1eQyDboQ78RNDtlrihCATGy0dz1LRd35nGVwXskPwmjG%2BF85WGb3BjIP1B3oSv2M7p72dRmqWIwYoMlelcihA4DPFfmkkNW3kJa2urluqgQfaktiZqQgNZ3xgWz%2FKBbQq0ThE7B4I8t4xJJAPNJt1QZe63BKDqobXNX269b1pHzSplbhUSyjA5JqWsQO2C0kelKA%7Ctkp%3ABk9SR7DWuN3jYg
asluxuryws,https://www.ebay.com/usr/asluxuryws?_trksid=p4429486.m3561.l2559,WUHAN LE WEI GONG FANG GONG YI LI PIN CO LTD, 447404498028, alius.svedkauskas1967@gmail.com,https://www.ebay.com/itm/294302979284?hash=item4485d314d4:g:75gAAOSwMJVkATWM&amdata=enc%3AAQAIAAAA4PsCOm3rIC2%2FrUWS61QlPTyNiJzKngrC7GoiGccDOvlkVapxL5BVVLShBjWIh%2B9DXdq4K7L9mJfgbBQH4k0yopjwzr4uGFAIAagND%2BW0MiUJWbC2qvQEo2GKCA8eq5vaAONelZjNcOZUmdVx7IW2K7GqXq0cpp80I85N2xwtgzhecjC4M94Tfacd3gJDsf5ylUtJjyl%2BaXxF58ZJORVCpRYrVGcnLy3jyQ5yTcUsezydGfjMFq9E374%2FBq3RdVWVONsJtlnybqYMoJk61RIhTyBWR0P9xWqyM2v0jbk16TS5%7Ctkp%3ABk9SR7DWuN3jYg
agwatchshop,https://www.ebay.com/usr/agwatchshop?_trksid=p4429486.m3561.l2559,AotoVision, 0858041731, theministergillo@gmail.com,https://www.ebay.com/itm/404253554122?hash=item5e1f63b5ca:g:ewYAAOSwCMRkQPZy&amdata=enc%3AAQAIAAAAwHOfPOGIlM1fPgipNE%2FrglAshKz%2Bl9Lcq7ycSbsPqeKE%2FtSrklvPYyuI53n3Rmh3dPYxMV1U4qq2kl2g5ifm9EssbtsPL1fjLy13Ah%2Br1WogFyVLCztv3PLWeM4WL5R0jIiRNqLnX7uf%2BGwOblNUTT2R3Ba2lw7NyF1rmR5eq4Y8Ih2FnQAb5GbXBT0FxhlGRuAb6NE18WrBm0H2%2Fs75a0Pxr4fHwfF4ahrGsmcLC3Vmcok7AzxB3YO0wWPk1773cw%3D%3D%7Ctkp%3ABk9SR7DWuN3jYg
wubusinessuk,https://www.ebay.com/usr/wubusinessuk?_trksid=p4429486.m3561.l2559,EVDIAN LTD, 07555687318, wubusiness@outlook.com,https://www.ebay.com/itm/113256097744?hash=item1a5e96e7d0:g:yNcAAOSwMJNbpWeZ&amdata=enc%3AAQAIAAAA4Oux%2BTMvJLvoX58PvHv6oCThKVJq7FvCOGJo3a52F5D8e341XTmsboTQe3shDCAg7Z%2F2fiRAVM7uM5pVxAc9BGBzZfBun%2B03B%2Fb4xHJfuiL3rqG2cNh3ahjA5AINKe%2FKUOsnKcTAkOnstrnGfKFMW9EdCbeF%2BsTkuqmuiY8SCzPOUKCtZjCYA1uLGUDhMHdp%2FoPaqcFIz0XGDKlKR7JZdDbeEzkA552UFLCtths4NQuMkFc6PZ7YfvSWk2UEAFfdRUo8%2Be3vJn0%2FIEDD12Q1Jr8qTPgg3PcyEu2jS6VBN8t%2B%7Ctkp%3ABk9SR-baxd3jYg
greatbeauty48,https://www.ebay.com/usr/greatbeauty48?_trksid=p4429486.m3561.l2559,Guangzhou Mosheng Maoyi Youxiangongsi, 17103605917, jaco@jpleeg.com,https://www.ebay.com/itm/394565594895?hash=item5bddf12f0f:g:86AAAOSw~hRkN8AR&amdata=enc%3AAQAIAAAA4DYLkxAHtdLq5E3f6Xd9q3AVjCsugBWZM2dVGsoWA4%2Fhdktt7I6w6hWw83Nx9ocxOBU6xAd1G8%2FaR12hg4VDbQawp%2FuJCjidPMLAlcObjh96hMIMf6jdjYiTNND0oEYfwFTJla21Fv%2B40ENr9Lh3m5E6n3eIXpXWRkM%2BwOzsAd%2FDiEUh%2BJ%2Fb%2Bi5yzysxHlrTDuwvsR%2FkR%2Feea8fHpn6AR3BfM9EQdtRll4kPOxspRskFfScRfNzypVAzZFf%2FaHLiPEW%2FD%2Bjl8ZZFYaI2A9xmd%2BPmMzi98Samjbxs5WicA2JP%7Ctkp%3ABk9SR-baxd3jYg
agwatchshop,https://www.ebay.com/usr/agwatchshop?_trksid=p4429486.m3561.l2559,AotoVision, 0858041731, theministergillo@gmail.com,https://www.ebay.com/itm/404338448411?hash=item5e2473181b:g:XXAAAOSwrsRkjW0y&amdata=enc%3AAQAIAAAA4Ao1rx9RrmvU88ytI2M65N8VQFjGyyYuYxqZCWJvfyjEjuaFlQGVDha8Pe5%2F982JjdW%2BxeSTA3fou%2FEY5TQ3V22K3Vtv7TH%2BGaKbQ%2FYC%2ByVyFwSBWXbVu8FamPq08N%2FcnAA3vriItv%2Br3%2F%2B2dxHNbYdASJm4kDIH223%2FdrfI2gKWRYsLW5aD47i7VY1EPi8SG1iu1j62%2FwR78oEpOaOvof9mNBSvVloZMbKhqKD6dWhvol%2FID22jZukhDEIdEr753iAo6KFULgZw90rS9x%2FGFM9FjGgwTjh%2BJ%2B4LvQTnSAgT%7Ctkp%3ABk9SR-baxd3jYg
mastation365,https://www.ebay.com/usr/mastation365?_trksid=p4429486.m3561.l2559,Guangzhou Shannai Maoyi Youxiangongsi, 15800237296, mastation168@sina.com,https://www.ebay.com/itm/393177043883?hash=item5b8b2d93ab:g:3eIAAOSw0R9gRMP3&amdata=enc%3AAQAIAAAA4GR0%2Ffm7GS6HRrPHB3nC1%2Faq88pMjRymrF6Cv5ZoG8z85xPFQzJE1owOpfDDIBm5xUGBxZaig%2FnV2W3OhQ36ZXc2pwzc2DeePeKqIqk4CTHje2LPWSirvxu5SoDzFI%2BKM4LCr1bR9GbEZGXw3mnutTFYumgNVTjdaly1a257d7lxik%2BrtxIObbwJ9AKcGpYQ61V4JVqf9YNjYyI0FDwRZk3EhzatrlIaWoqG4X69bymGqCEdBAJDTiNI1LnR6nAgdbfuK27PWgLLfnwjnTBrab45tH%2FbmE%2BPxGsScodITRAT%7Ctkp%3ABk9SR8Sc0t3jYg
ronson9999,https://www.ebay.com/usr/ronson9999?_trksid=p4429486.m3561.l2559,Timeisprecious, 07854003313, maarciitis3@inbox.lv,https://www.ebay.com/itm/175915629299?epid=9057500693&hash=item28f5637af3:g:vD0AAOSwRl9jDk~-&amdata=enc%3AAQAIAAAA4CX2JooL0gkMk%2Bc3VtArgzmznt9EpSMFZ%2Fg9pAnFVRBvzdbPXaVP%2Bm87gQ2EnTc3qU%2Fx3v5VD9gkNuu3ocm%2B49c7PB5jUhuWJsg%2BUcssbqXhznanNCD7CsQrogEldC%2BwfMSAo%2BY78TM1oawMCAvAodwt%2B%2BCzn41hVpzkLnPUQ46bzYtip6jWldyVRq6KF%2F%2Bj58os80g9IkE2dX9qn3LLHFC%2BNXrXpaWNGgSLth6Z2%2FQcoGGLyyi3s5vAVZlS5vJsrH0ylzK4KEMxNu%2FtLRhPzB8DuE3SBfg46k8WVJauTA61%7Ctkp%3ABk9SR8a13t3jYg
agwatchshop,https://www.ebay.com/usr/agwatchshop?_trksid=p4429486.m3561.l2559,AotoVision, 0858041731, theministergillo@gmail.com,https://www.ebay.com/itm/404480592638?hash=item5e2cec0afe:g:pMoAAOSwl-Fk-uPq&amdata=enc%3AAQAIAAAA4PaaGKsZNdctKPEkXfutM4gtizLKaN80Rz6ITNdMyb4svYG%2FQ9OGAFXSzpy79KBkFIQssCzFDo7G%2FctRdgb3tB2kEvshh5E2VLeOzXoHkFoO%2B7ipUa9aa2pJs8FnSQ8nz6A7YpcHGz%2BXMojRq%2Fj9ySij%2FefqvbR4iJUQieyAT5xzlAKBIPVn%2BspW%2FThNYj3oYBYOQ2W2oWjjrD4aBgvgzelwKQ9%2BF5sQ9UukEf0%2BzcwJNhDLnNmQDH4TdeAWVMHEG9FBcx7HcnZOnw3GvyoFVIBz69v0bidXUJyH2aXX%2F9I0%7Ctkp%3ABk9SR8a13t3jYg
ebuy-express,https://www.ebay.com/usr/ebuy-express?_trksid=p4429486.m3561.l2559,Skmeitech Ltd, 07969422419, hnjdirect@gmail.com,https://www.ebay.com/itm/175478741134?hash=item28db59188e:g:4TwAAOSwT~JjZuOU&amdata=enc%3AAQAIAAAA4C3tKOxauvsMSj0EtOcS8DQtP1NATkkv6r53RfJJiCnAZePaUQU6wngAmzJff1pRw2b%2FyTqfLWtqeEvrXaDzxlzHDdWhsZak2acofNfs2eHUpFtO4e06aeRYmEY0cPyyEPqhyHiAMnqf10W%2FziCfLHJ4MeN9ko2pDy7Pwi9x9wbVxMr0wWRZD6ObEZzr4%2BbmUkGKF%2F8oEr8eyPUmzxjqSWetxq%2FKiukJW4Xe3NUNf20g9HzmUm0tClx7tok%2F4p55RMMRPO5ptLvikKgUCU4JQoKZJ%2B8eqwhqEp79ktI9Sfq6%7Ctkp%3ABk9SR8S13t3jYg
centu_2015,https://www.ebay.com/usr/centu_2015?_trksid=p4429486.m3561.l2559,GLOBAL SMART TECH LIMITED,, globalsmarttech@yandex.com,https://www.ebay.com/itm/155770485353?hash=item2444a4fa69:g:UTEAAOSw9cxlAdG~&amdata=enc%3AAQAIAAAA4B2gdR3O7Y0M5YACeVx4mzYlr0zdZTvyfeGmJBMpxmLlBUjr1CLhBpjPSUB4rbI9IduWiggjNVpU%2BowjPMo%2FEVZ7szqQ31jWso%2FCm6sYpwWHOSVkiWiptPd6ChOraEqC4mHF0dPdNczZtU7D9lI1ks35MaLGGZtOeAmFfRQSy%2BmfxsZ4AkCGaHDWFZl%2Fq9VxhBInf1qja3k7KcQegTfK4NJnivPjyQ46fyIgNAWouXfE6oI8dhEZAj3648Ka7T9lSeGrFMUc477HCAlT80RRWuzYifYTcDvNnSh%2F25T9MsCg%7Ctkp%3ABk9SR_6b693jYg
bullahshah,https://www.ebay.com/usr/bullahshah?_trksid=p4429486.m3561.l2559,Bullahshah Traders Ltd,, nausheenhamid@hotmail.com,https://www.ebay.com/itm/144770927207?hash=item21b5050a67:g:2D4AAOSwY8Zd-Lct&amdata=enc%3AAQAIAAAA4Kp7UcSPSMeKqxAa00CzNt2z65%2BNe8%2BXfo6HP8EEeTjec0abL8KvL%2BzZq6nMl0v8mZvbwBWRB4nVdDb%2BvHX19PfZvtkuYMBUEsg%2F3gka5nCsRQeZlv7leniSz1UUIixThfIFPqgt6XI6ZB8cTpXpT1PqN8i0bU2o1lEZ1pRexxv%2BVhJhMgGzrmhm4vnk5e4OHvZC%2BiqL6vsuztvYIAQATkYUhJrG5VCAAEJ1fSAxN8MQMSztxJX51tjNanWZT7v2MFVMdWiqI4cFshGFs%2FH4Zew360nLWFCTJeYWJ6HLvEFc%7Ctkp%3ABk9SR7bD-N3jYg
scerb81,https://www.ebay.com/usr/scerb81?_trksid=p4429486.m3561.l2559,SHEN ZHEN SHI DUO CAI LAN DIAN ZI YOU XIAN GONG SI, 07438920268,,https://www.ebay.com/itm/352796457570?epid=6028938239&hash=item52244eba62:g:MZ0AAOSwyWdj88LJ&amdata=enc%3AAQAIAAAA4OW%2FqYwyq%2FjyHKgaZPu79tVLXv%2FqLMuD5%2FEMdn%2B4LgrkkV65HHHGv%2BI9YscA7lZ%2FdJPRLW6yEY9Go2iyQ1siRTPFtQGoSE3AYVjTPNLTzhrczc0GV5R5XzLQwDQ%2FbGXuzb%2FfUPCbfwP%2B40bK8KJqI7WecnHBthT2g0GmtKH10QLyqEVkEsUdfsz07yn8dysdSUKxyn%2ByoP83og4Ddsz3yxqKqmnbWs8pBhioxa8Z7auv1sRszxtqZ7gYmfcesxjX5AXBuIpXX%2FIMepz9lNprYmgDX09mjsWO9kKGdLYV5jDT%7Ctkp%3ABk9SR7TD-N3jYg
ebuy-express,https://www.ebay.com/usr/ebuy-express?_trksid=p4429486.m3561.l2559,Skmeitech Ltd, 07969422419, hnjdirect@gmail.com,https://www.ebay.com/itm/174577130736?hash=item28a59b9cf0:g:Jq4AAOSwXjFffF2-&amdata=enc%3AAQAIAAAAwENEmA%2FqLLTnQSLAiOS5xG4jjPkVx3cCy7KtJiMDN9gpV9x190w%2FTQ0Ry7I9YYlTROySjLE4e%2F8se7Gc637B%2FzK5o4ujoNAuazcRxnQNaFmUlHJZYLvx4wpfanrrBO6B%2Bfs1%2Bt4vNR9%2B%2FqbOvRCusMMzu0JuIuSwjekvm8L5j2HYdTBFyujD7b6WHw4xryeaaJediU2oGJn8G997QyFPvRlAditug0mP%2BrLHoyCMkcc%2BhGfRqlixNRgHx3gGnf34Zw%3D%3D%7Ctkp%3ABk9SR7TD-N3jYg
wubusinessuk,https://www.ebay.com/usr/wubusinessuk?_trksid=p4429486.m3561.l2559,EVDIAN LTD, 07555687318, wubusiness@outlook.com,https://www.ebay.com/itm/114908292459?hash=item1ac111656b:g:eGwAAOSwX5Rg~2kL&amdata=enc%3AAQAIAAAAwLawAQsO6AFSWG98tE6qjAiQyl0HXPSjiSt0OI4ZKRgJd%2FbVHY39jWGoc2O2gk%2Fumoztdb9nJ0n6%2B2ikZJ2ySzBMm2FQV5Lzn558GHrntbaoUBqCJqKJLfznmsy5hjw5M4MRFabAkAv6D1S74E7vOQCvUlKIyGcVX%2FZeakKsbfT54D8uA7%2FCV97XVI1o3UFnByr%2B10gqMREqXCvq%2BLdMFpgZ63DYeVHRWO5RkKtSBvw9DEwq24tJIz6E5HgvgRPFCQ%3D%3D%7Ctkp%3ABk9SR_rNhN7jYg
pp_562,https://www.ebay.com/usr/pp_562?_trksid=p4429486.m3561.l2559,GUANGZHOU MANYI NETWORK TECHNOLOGY CO LTD, 13662382853, pp@jebolist.com,https://www.ebay.com/itm/266393050380?hash=item3e06435d0c:g:6LQAAOSwUTdk7wYJ&amdata=enc%3AAQAIAAAAwLq8DSc1Wzc5YSpOAhSoRKq4fB85TOFutBsVEXkfCL4axs0nzIan3FM6Vyprs22dSCfWXrlWqDUOV31KLB%2B2snVixAF5Cv25Hukc0iAiMFNkqP9d3ZoTOoj8aH3uprwiskMLBFLCE1FiNtAmNxSZjhCRhGbVbyVh4Jf2jHSiw9x9F1v2N62%2BBTrK5Jgg0VO%2FWEFeO54R1tipTA2sy0Zl3x%2FJcSo5%2B%2FIUC2aRxXZDVM%2BZuyFhX3WbhS5bgmr4sDh%2Bmg%3D%3D%7Ctkp%3ABk9SR7bzt97jYg
samsunun,https://www.ebay.com/usr/samsunun?_trksid=p4429486.m3561.l2559,Limetree, 07506780086, samsul.nunu@outlook.com,https://www.ebay.com/itm/324890669453?hash=item4ba4fe318d:g:s4wAAOSwUd1khT72&amdata=enc%3AAQAIAAAAwKi79W5n0UiCgdNbx5BxQPJhz6%2FTTRx%2FyXBsZ3osinxQ2gpi4T4Ss%2Brovc7xMcYCalsPQ%2FI0DZ3ZRKvM%2FrFAerTIp%2FtGXp5DYj9wKIXTqlAvRui%2FZfS5dQUVCnsmHm3swwZmMNssf0ekXMGKQsnjGRh9foCURMmp1rdeuRsd0f9nAtinMAkLc%2FGb3uQEpBaZ69%2BIHalE1TZlD8fm0K9j%2BG894gU1wOK0DMiHDljWks%2FgBCJBkWSEAoW2zhJO6gW7xQ%3D%3D%7Ctkp%3ABk9SR7bzt97jYg
only4u.fashion,https://www.ebay.com/usr/only4u.fashion?_trksid=p4429486.m3561.l2559,Shenzhen Yi Chuang Dong Cheng Technology Co Ltd, 8613423933009, fashion.ca.4u@gmail.com,https://www.ebay.com/itm/255998251405?hash=item3b9aaf518d:g:RU8AAOSwVzpkAhAV&amdata=enc%3AAQAIAAAA4CYwHvU%2F%2FQ73HENjn4pu9%2FDDON7ZY01nvBRYPUjPDATwNTqyzR%2BryE2Fa8Xp1q9GAonlVS3oKZFwpXN6U8EO2RyKWeaDPoD7PrRoWmP8yez%2FKRZ8R%2F5ecSArKY%2Bl%2FT0k1z0xxvi4aJxn129sF10ibCDoNEXyfWh1%2B9Ni26oaTHR3erFElEaaYHcR%2BkY8toGcDrE3DhZyjv5eCDG9x4X8LZ%2FyBhuUADrYwJZLg2A2c4lZ7NvxatJEULWbJIZniBOgqXpUcH2XEIk1mZbzRFzwnj3VkZbDwki8dxnZi0z2N%2BpH%7Ctkp%3ABk9SR6Twwt7jYg
watch_krazy,https://www.ebay.com/usr/watch_krazy?_trksid=p4429486.m3561.l2559,Watch Krazy, 07718200815, info@watchkrazy.co.uk,https://www.ebay.com/itm/325497981516?hash=item4bc9310a4c:g:mhQAAOSwy8JjwdVu&amdata=enc%3AAQAIAAAAwIYJ4BF%2BVXrhRlvUaNEFE0fPmlOvrEG29xQrNMBDds5ocYbIS5M022auvAfaB1GFuflYVRZ3oO3uy4HE0L1%2FjnfEDSk8wN9QUk6DXhwZEjUAHREuYNqvNGJMunGNXhgSPIwU87bE7Dg54GTs56E88LenuPa2YlyYZoby9GVCiiA7GUhJo9ptkkpMDhgw67j01K0W0eMhKemKkOD2%2FhIiT%2FSmaxWTe8UOi%2BRShjAijDDLitAK%2FxM2zqW6EM432J80rw%3D%3D%7Ctkp%3ABk9SR6Twwt7jYg
mnz-store,https://www.ebay.com/usr/mnz-store?_trksid=p4429486.m3561.l2559,MN'z Fashions, 07725095819, usman_yasin@hotmail.co.uk,https://www.ebay.com/itm/325753540259?epid=24047254678&hash=item4bd86c8ea3:g:wvEAAOSwV-5kyP05&amdata=enc%3AAQAIAAAA4ABuyjl%2BzJwO%2BWATv4Oo7ZJONyQsj0XS0IEhHPIxqrTw1FIBFxoOxfF%2FxFScCh2Wp6MpB1%2Fb6x3jorKCVVhdXnx5Ej7h7TnQCG0U03V9FeXbBl39zPbAkRCRE9aCSIQGww2OQbLKtIb%2FqGhSohCoUGsNZUGHbOgxQYPtiARBeXOjSWa0srjHnZ9hgxGhlVPksSHu1%2FWXz3AidYDo7jvTuIHfo%2B9x%2BdQfeIwDbAmhZpfG18G3uA8sIGXbf%2BG%2Fh%2Fw1xbRB9%2FJJ62VvXpQVAUvfLWLtbV0qeskBkjLhTjCwK%2B43%7Ctkp%3ABk9SR6Lwwt7jYg
cannonexpress,https://www.ebay.com/usr/cannonexpress?_trksid=p4429486.m3561.l2559,CANNON EXPRESS LTD,, hnjtrader@hotmail.com,https://www.ebay.com/itm/225757844513?hash=item3490375421:g:MXoAAOSwNNlk9Q45&amdata=enc%3AAQAIAAAAwF%2F9bVRv%2FiPKyc0zLe82LDjJBEiqzcTnLDyLxYtsjIPe1P9%2BSkOYTpNDnGNrDVpuBT9e0nqOVCsjuMYp9iVyC8YiezQUDCKl%2FndFSnip6fPx9AYiJr0ffpnWMr6vuJJ7j0JaMyhDCIeg5lsK7TRsfY5m8hFnegXNPhMIuvE9xWsCR285ljDNct4t7txX%2B2acJnIKfh9i9B9RwTnpUZ%2Fw5%2F6rAu%2FUYJiS1WV7a0XBorrQ9i4KS%2B4Y4nwfUuicRYddRA%3D%3D%7Ctkp%3ABk9SR96Zz97jYg
tigerzillauk,https://www.ebay.com/usr/tigerzillauk?_trksid=p4429486.m3561.l2559,TigerZilla Trading Ltd, 02081232341, sales@tigerzilla.co.uk,https://www.ebay.com/itm/391778097132?hash=item5b37cb57ec:g:00MAAOSwX9FZEEE~&amdata=enc%3AAQAIAAAA4AVeo%2F%2BxteTQ4yR7RiLTUlapFPTT%2FbEaGBDugwAwk4fo5SE59cyGQ2JWiOz9ticqCSgV9au1yTm3MwqQYXnN2czIxW5e1xFUP4zdK5p7GBtVJAOeNIQplVfGYNBfsUHsO%2BcCzCdWzNvSHNsOfP%2FqRvcpE7M2dQv%2BQL3uDb7EAsDJxE85nO8ai1pST8Ajd2iuLx2qzIHDDVimsvrSHo0TQA0V95IWJW7k7YwgaEwkJA0yU8%2BlxiUCbbpFZSejZZQ0kpIwDGhAJutfQPgZ6X8sbkHsO4FQVGkkKOZHb44za%2B5K%7Ctkp%3ABk9SR6LL597jYg
caipi4612,https://www.ebay.com/usr/caipi4612?_trksid=p4429486.m3561.l2559,Reiner Haas Einzelfirma, 091227903229, herr_kruse@web.de,https://www.ebay.com/itm/266391764751?hash=item3e062fbf0f:g:ydYAAOSwlBVk7bNq&amdata=enc%3AAQAIAAAA4KzvJ7rGNz3lG%2FQH%2BwxCciZJVeWY3HUTdAhVLgbJjW19%2FW8neTLbxTPiFcEeWpyDkis0ZbX9jD2Sj%2FE739BM0Zum8daJU9UlpQQ4WGUjWv9bz8rw%2BptedzMPJ%2BaZSKfSK6rTzQMF8eWMtfCvI1fDZ2%2BAq0zTfjWNKW3F4jc9xq9LqRfkJfdDY9e%2BlaaMp9WSMhzGC11lyjU1txaKoikoyb1jfyWRhS38TN9gQM6OA9ke9EOv%2BMEHxLggVG4Db6S9yjrcVtx6osoCI8zQNQsSROyoz21n7EBQHS01emT1oStS%7Ctkp%3ABFBMyJb03uNi
gbwatchshop,https://www.ebay.com/usr/gbwatchshop?_trksid=p4429486.m3561.l2559,Goldbar Watches Ltd, 01415526266, ebay@goldbarjewellers.com,https://www.ebay.com/itm/256047865411?epid=2255478731&hash=item3b9da45e43:g:3fQAAOSwDK1kPqBL&amdata=enc%3AAQAIAAAA4EkXbn50b6etjWLqXQ6ap9yulB0859ZhhreoaRC9U2gf64%2B09YAKcGtoyaFyi6oC4HJFEsbuY5O3TfsSbAg3FuKJrAOfnSB0DisF7DVAYBcmVuGYqD1uudZtX2QUCFEutMYmF4JPRPdwjBhVaPwungJb%2BhD0ZZby%2Bm%2Fd0CKAgykxD5dunI62zZfBY4k8lm9cPeZLosIKf7guvTMQPuBpm0vBTKFQ4d0dn7ToHOG5vRhTHm62ur%2FsTN8tJ1h%2Fj9YyjzJDDQ1Eya8T99kaef6Bhein8ODKBO9lxAP9BU5ZhTOX%7Ctkp%3ABk9SR9Lrjt_jYg
gbwatchshop,https://www.ebay.com/usr/gbwatchshop?_trksid=p4429486.m3561.l2559,Goldbar Watches Ltd, 01415526266, ebay@goldbarjewellers.com,https://www.ebay.com/itm/325622130191?epid=3056726816&hash=item4bd097660f:g:7iUAAOSw-ZlkPp8L&amdata=enc%3AAQAIAAAAwHRvy2UTb9aZCgKGHcAY%2F4T5xvg4liDpI3Cs7y4wXo0CDpkCjjUrJHdbEnuGqXeOUwAwbiTk4oTXMyA8Q15QMslMAT1U5fKbHzaG2y84F%2FPRPzUnTlPJxEDjf9bt3yEkFMu0tw96cyULW38bP%2F8uxW68c%2FBbUpk1T6o5mLL94dUnLUB7LK8W0aJStmrpKQ8SRsnUqHQGdv4afoX8MKO83oyy7u8%2BMWrra%2FFIQK%2BRYunsLCPTUGhq15c7XQMHHBwzjQ%3D%3D%7Ctkp%3ABk9SR-S6p9_jYg
kondwana-trading,https://www.ebay.com/usr/kondwana-trading?_trksid=p4429486.m3561.l2559,KONDUWANA TRADING UK LTD, 07872985682, konduwanatradingltd@gmail.com,https://www.ebay.com/itm/134212619278?hash=item1f3fb20c0e:g:qrsAAOSwKYZjCqyG&amdata=enc%3AAQAIAAAAwH%2B79wbH2TxtQQxNMFWrmFVAXZKOe4nd7ayRWO1vUVSTpVOcWcz62%2F7hQmo310hI5sytnjwGJBq%2FDHNK6lMRnFlM%2B3vYA87wgp4LBjcm1JQF0B0Ci8Mip48QCdgajGfUc%2BIM01ED7UChcY11P3xzkcXSCh1tQegqbbfnTBtTC1%2B9%2FvIxUefRPRF7Y%2FqKZSpiCTDYlZhMbnxBg%2FZuD5vj3DL8kS7jG443vUBkamMvzbkFMQqGrdT03noFTHIGq9JYsw%3D%3D%7Ctkp%3ABk9SR5ahtd_jYg
j-cypress,https://www.ebay.com/usr/j-cypress?_trksid=p4429486.m3561.l2559,JUNYEDA LIMITED, 13537896889, zjkyj2009@gmail.com,https://www.ebay.com/itm/194805528350?hash=item2d5b50771e:g:jUAAAOSwS5Bh8Vit&amdata=enc%3AAQAIAAAA4ITsqYHICUf8ug2hp%2BI2bBmmr7yRaGkUHoxP9%2BPYngUt2QSyUY1gcjv8Y6EFVwkgklRzTelMBB9dG2WibR11%2BbrXD%2FgOua38M0q4ODK%2BANdj4L7Yn6Sp7Ar8OV86o6Jx%2FL97BZkO3ayAI3C0eostn7FssGnvCbP9UiWAssLKexx1tNYQLM%2BSiW5jHeVpokpxPgNVCPN10Y2txcle0j%2BX0oI1wrt873UP1oOYYgxqZAk8OIb4apIaDK5jVPfIVmgEChjRH3Mj1r%2Bh4b0TOUmmwOPPJJLA3lXKYiKTne900Uzk%7Ctkp%3ABk9SR5ahtd_jYg
booboo123,https://www.ebay.com/usr/booboo123?_trksid=p4429486.m3561.l2559,Fazi Ltd,, shiffycoltd@gmail.com,https://www.ebay.com/itm/225446188314?hash=item347da3d51a:g:JroAAOSwAp5kFG4-&amdata=enc%3AAQAIAAAAwFcRJbYVJBUtlSPLzTqR33VepK2m3lo7xFjuKt9%2FouGmWaKE7xbBuS6TSAZICK67UfbwzIp0laUPWRnTuYCp9WX3KIuBESGg9mlgXDhKfoCk5cvJ%2BAKPCRlsEh1c3DU%2FdwqfzC9EU%2BRwUO8%2Figxjf3L3QwU33FHlnhb%2F%2BXhEuufirxzSo0wHpKRFeNVad6t5vmfLkAWMriOIcKIGTSdM1xUcQtYm3SZYTyWZOrxcyENq63RL6DYnH1zr3GpIp9ceAw%3D%3D%7Ctkp%3ABk9SR4Cnzt_jYg
